{"cameraMode":{"drawMode":0,"name":"Shaded","section":"Shading Mode"},"sceneLighting":false,"audioPlay":false,"sceneViewState":{"m_AlwaysRefresh":false,"showFog":true,"showSkybox":true,"showFlares":true,"showImageEffects":true,"showParticleSystems":true,"showVisualEffectGraphs":true,"m_FxEnabled":true},"in2DMode":false,"pivot":{"x":-2.1467466354370119,"y":2.7754156589508058,"z":-11.239480972290039},"rotation":{"x":-0.027307916432619096,"y":-0.0012185608502477408,"z":0.00005478320235852152,"w":-0.9996913075447083},"size":0.0009954152628779412,"orthographic":false}